employee_id,name,email,age,gender,salary,department,hire_date,is_active
05eee1d4-7f53-488e-8efc-8248e10b1a47,James Bryant,jasongomez@example.org,67.0,Non-Binary,75645.36,Hr,2019-03-07,False
95863a76-c511-45ff-a7a3-7e8163b4c08b,Alicia Gilmore,wwoods@example.com,21.0,Female,117385.63,Engineering,2023-11-26,True
269ed4c9-8059-4b93-b9c2-d2e49ae1a991,Joanna Shepherd,toni18@example.net,66.0,Female,60272.58,Engineering,2018-02-03,False
be0bbddd-38f9-4001-a9bd-40d8f3402dd3,Christina Harris,saraduke@example.net,59.0,Female,44235.98,Finance,2021-04-07,False
6744cb9e-6ded-4ba5-a22c-3d4f6f07b60f,John Smith,jessicadodson@example.com,67.0,Female,123374.88,Finance,2023-12-08,False
606e0e1c-8f15-4449-8f40-c22f15b02530,Erin Anderson,lucasrodney@example.com,33.0,Male,86827.33,Engineering,2016-07-19,True
7fe5a4b6-6be8-4756-ad36-226c027e789c,Steven Mccoy,kristen44@example.net,51.0,Female,90877.8,Finance,2024-12-14,False
589decb0-75eb-49c2-bf5c-f2f33acb43a3,Colin Golden,johnsondonna@example.net,53.0,Male,76030.32,Finance,2024-01-11,True
c626e38f-716f-4276-be64-ac2af96671a5,Debra Butler,lopezjason@example.com,67.0,Female,111467.73,Engineering,2023-10-11,False
784c2f29-9804-42a2-b07a-a066735435ea,David Mann,ojones@example.com,77.0,Non-Binary,42430.38,Marketing,2024-03-30,False
bc4015fa-d4f7-4322-b362-c0d264988bde,Jesse Hall,derekcarrillo@example.org,40.0,Male,51768.67,Marketing,2017-12-02,False
fee543b3-6e18-4184-a29f-e85be8d91a20,Patricia Douglas,lonniegrant@example.net,20.0,Female,71343.46,Engineering,2017-07-20,True
8567c805-34f5-41c0-88c5-eb2a7490adeb,Mr. Jeffrey Horton,carlos01@example.org,51.0,Female,31670.24,Finance,2024-11-10,True
fff96acf-ee42-45ee-a52f-c3eceb4e2281,Christopher Roberts,leonardhayes@example.org,25.0,Male,58176.0,Finance,2025-01-08,True
002f2ca4-743e-4531-9dfb-19228aa6b006,Katie Gross,harveymichael@example.net,59.0,Female,87293.82,Marketing,2018-10-03,False
d86a6460-59a1-420e-9bb4-3332d8e7012f,Ashley Ramirez,lindsaybruce@example.net,51.0,Male,62951.69,Engineering,2022-07-03,False
41f9994a-cf5d-437f-ae8d-5daa8eb7c306,Jason Bell,barbarasantos@example.net,39.0,Non-Binary,43152.55,Hr,2018-02-10,False
b24cc64f-be3e-4e57-b30a-9e32aba4fc03,Jennifer Newton,nicolepena@example.com,47.0,Female,83059.18,Marketing,2022-07-10,False
f6a9e3e3-b62b-4cb1-8956-0c3685609e8a,Theresa Wilkins,mgonzales@example.net,27.0,Male,36072.64,Hr,2025-09-04,False
a49b1cd9-9082-489b-a1cd-e87fec955f87,Lori Lin,edward17@example.com,59.0,Female,46283.94,Hr,2022-09-06,True
78308631-b8f0-488e-bb37-afaecd8563ca,Erica Harris,robert93@example.net,73.0,Male,87933.42,Hr,2017-10-29,True
999413cc-ff99-47a8-88ad-b388287e4086,Harold Edwards,megan66@example.net,51.0,Male,69682.09,Hr,2019-08-08,False
0b990034-0a4e-4552-8005-1b1066c14dca,Micheal Brock,ghernandez@example.org,53.0,Male,48783.91,Hr,2019-08-25,False
d47f83b1-bc69-4155-9a37-f6bd6cd6f011,Danielle Golden,colemichael@example.org,62.0,Female,87933.42,Hr,2020-10-03,True
8de1596c-5a9a-406a-96f1-42a206b919aa,Kyle Nguyen,asmith@example.com,24.0,Male,75763.72,Sales,2024-02-28,False
d38e13e4-4de1-487b-afa1-4a55cebeabaa,Lindsey Lewis,eddie35@example.com,65.0,Non-Binary,55815.95,Hr,2021-07-02,False
abf39096-4a68-469c-92b9-9a508cb6d1f0,Brett Swanson,wlynn@example.org,69.0,Non-Binary,146107.35,Sales,2023-01-30,False
f31046dc-6202-4ee6-9cb5-e69c5dc7b3e6,Lisa Shelton,nathan19@example.org,48.0,Non-Binary,93710.63,Hr,2021-08-30,False
acab8b69-5ba3-4cb5-9399-ad15a37ce1c5,Maurice Andrade,laurapierce@example.net,74.0,Male,132127.17,Hr,2019-09-28,False
f30ee4fe-262e-4559-be7d-9a19ab450578,Jorge Cummings,conwaydawn@example.com,77.0,Male,130701.15,Sales,2026-04-03,True
36fce0ac-b469-4db3-8123-a348638abdf6,Paul Stokes,raylauren@example.net,48.0,Male,104345.62,Finance,2018-03-27,False
6449cb6f-bf72-4e52-b04b-237082701238,Anthony Hurst,troyrodriguez@example.com,63.0,Female,38818.89,Engineering,2022-09-30,False
6961929e-546e-435a-a92b-d156db946570,Donna Landry,gibsonleonard@example.com,28.0,Non-Binary,87933.42,Hr,2017-07-11,True
93608edf-382b-4b86-b2a3-2efdff138c80,Rebecca Kelly,gregorywatkins@example.net,25.0,Male,89686.24,Hr,2023-05-06,True
340de049-4147-4506-be2b-f9c9636f6e5c,Bob Cole,christopher30@example.com,77.0,Female,87933.42,Marketing,2020-02-20,False
197dbae1-0bc2-4a72-8c64-8ca2c3231466,Sara Smith,scottsmith@example.com,69.0,Male,43191.16,Engineering,2018-05-23,True
36ee1640-723e-4466-b43b-d27f42a259a6,Donna Hendricks DDS,taylorcharles@example.org,32.0,Male,116554.12,Sales,2025-05-09,True
6c267b56-2a9e-4da7-b61a-d9144931b2d4,Thomas Vaughn,stevenlucas@example.org,40.0,Male,63077.97,Engineering,2023-08-05,True
5071e5f0-a7ac-490c-82f9-0f921036ca81,Sean Warren,tiffanysantiago@example.com,33.0,Female,106674.21,Finance,2021-07-23,False
4bacbedf-ff5a-429e-bf53-d344a7c854e4,Jason Price,aguilarwanda@example.org,22.0,Female,131331.41,Engineering,2019-10-19,True
a137f8e4-67b1-4040-8c39-b9253b5ae288,Martin Reynolds,mclaughlinnicole@example.com,70.0,Non-Binary,142835.03,Engineering,2022-04-16,True
5989dd6c-8d24-44f9-963d-c8bf797e3984,Ryan Green,mitchellpaul@example.org,37.0,Non-Binary,113817.6,Hr,2024-11-27,True
c44fc4b8-5b80-48d1-8788-dfed78c04ed8,Crystal Moore,dianeadams@example.net,67.0,Male,121699.31,Sales,2016-04-12,False
54eb4c91-b784-4e08-b58f-c8fa0614ac41,Benjamin Thompson,angela93@example.com,78.0,Female,74641.61,Engineering,2020-06-11,True
042c65ad-9883-49b1-88d3-d2cefba3091f,Wendy Turner,tracey35@example.org,54.0,Non-Binary,120873.93,Marketing,2024-01-31,False
10275b53-2285-42ef-8fbe-4fe92ea9c542,Terri Johnson,bradleygonzalez@example.org,39.0,Male,89316.78,Sales,2019-07-10,True
0e614bcd-9767-4900-8651-0367cbdc4318,Benjamin Murray,brownmarie@example.org,21.0,Female,75492.46,Marketing,2022-10-24,False
651ea252-b974-4cde-9259-f9606ee35607,James Simmons MD,joshuagriffin@example.org,56.0,Female,79702.05,Marketing,2016-09-17,True
ef43613c-d4aa-49a3-bed8-c56cda09dfa0,Stephen Sanchez,qhudson@example.com,72.0,Male,38222.56,Engineering,2019-09-24,True
4758367b-a649-4cdc-907b-907265e58f34,Brian Fitzgerald,jholmes@example.org,40.0,Non-Binary,84449.43,Sales,2018-12-26,False
ac735be0-0cee-4dc2-a737-f345388629ff,Jenna Griffin,walkerkeith@example.com,60.0,Male,85847.4,Marketing,2017-11-05,False
30385dd7-4c7d-4313-a6c6-81b0e4729be5,Ralph Yoder,rguerrero@example.org,78.0,Female,53040.63,Marketing,2023-07-31,True
90604f62-1d48-4071-ab61-a7b1793b4c32,Julie Scott,gary91@example.org,28.0,Female,30258.65,Hr,2026-01-06,False
284d82e5-87f7-41fb-9a4b-d9caeb5cf467,Jordan York,larsonemma@example.org,41.0,Male,149679.09,Marketing,2020-05-27,False
e21342b0-f1ee-4ba3-9343-2e611ca3c448,Brittany Johnson,brandi26@example.org,80.0,Non-Binary,121435.46,Finance,2016-10-13,True
0cd20e43-76da-4194-839d-b29d4bc81c16,Christopher Williams,michael56@example.net,26.0,Male,64425.53,Hr,2017-11-07,True
6b49acc6-35e5-44e0-ac87-85467faf6458,Jacqueline Dickerson,shannon92@example.net,69.0,Female,92319.93,Marketing,2023-03-25,True
f143262f-dc5c-4eed-8da0-365bf89897b9,Nathan Maldonado,kayla51@example.com,53.0,Female,129528.56,Finance,2020-09-18,False
ec50ace4-80a5-4e65-afa2-855967c96204,Michele Collins,fowlershelia@example.com,44.0,Male,52509.9,Sales,2022-07-07,False
ccd015c1-ad59-40dd-9bff-3142a5e15b55,William Sanchez,andrearivera@example.com,47.0,Female,110739.41,Sales,2025-12-14,False
2d7e4a45-2099-471f-8b65-7bccb0416f19,Tiffany Fry,xrosales@example.net,69.0,Non-Binary,85211.63,Sales,2016-09-09,True
e8f2c584-ccca-4e14-83b8-c80f84408e98,Melissa Nelson,robert12@example.org,51.0,Female,122540.91,Marketing,2019-04-06,False
b928e23f-4ee4-434e-8e92-0136ac3a812f,David Smith,bethwilliams@example.com,23.0,Male,149070.86,Engineering,2023-05-16,False
c96b5edb-0cf2-469b-8577-aea9f8999246,William Buchanan,caseyhubbard@example.org,70.0,Male,110735.48,Marketing,2022-03-26,True
bab503fb-ddfc-41d5-8b86-3deaf7222fbe,Tina Smith,davidsmith@example.net,67.0,Female,114484.54,Marketing,2020-04-22,False
1d181ee9-86ad-4a8c-abc4-123ebde13c1b,Karen Strickland,hayesjeffrey@example.net,63.0,Non-Binary,76077.42,Hr,2016-10-19,True
9dd43675-ef14-4064-aab0-7015a3422e50,Mary Smith,hsmith@example.net,79.0,Female,87933.42,Hr,2019-02-11,True
71594914-b1b6-4ecd-8009-45ce932c3ec9,Kristine Carrillo,susan77@example.net,21.0,Male,63762.76,Finance,2024-12-26,False
9c6d52d5-ae2e-4af9-9f8c-c29ffd350c5f,William Long,angela52@example.org,34.0,Non-Binary,39742.5,Marketing,2022-05-23,True
30d73df7-1c22-4cea-b355-56a5f2bd92f2,Erik Hernandez,roberthampton@example.com,45.0,Male,95347.49,Marketing,2025-02-04,False
a5b40983-3eeb-404a-9df2-372e9e825aae,Jason Pierce,millerpatrick@example.com,40.0,Female,43306.77,Finance,2018-05-12,False
33e88249-3aad-4840-b4ef-71df43f19b58,Sara Kelly,wilsonchristian@example.net,41.0,Non-Binary,64632.2,Hr,2021-04-17,False
f0bbac67-aa38-40a1-aba2-5efe311c6eb6,Paul Thompson,richard04@example.com,43.0,Non-Binary,107985.37,Hr,2018-06-20,False
2722796e-9a36-41ec-ac6a-6e9a328067a1,Mary Thompson,kmarshall@example.net,76.0,Female,101027.13,Engineering,2020-11-08,True
a7df30b2-356f-4c0a-abc8-f6b7ee224f70,Steve Miller PhD,wardjulia@example.com,68.0,Female,52357.4,Sales,2024-08-02,True
b2383056-21ec-4754-9cf1-46542ab202c2,Vicki Richard,perrybrittany@example.net,53.0,Non-Binary,103065.61,Hr,2023-02-25,True
2f32751e-5738-411d-b0c2-903f7a8d03aa,Dawn Hensley,shortrichard@example.org,22.0,Non-Binary,55578.52,Sales,2022-02-19,True
6a8fcacb-3f8e-4d0d-9261-9dec3979d5f5,Erica Mckenzie,david02@example.org,60.0,Male,79297.04,Hr,2024-05-30,True
2631d00b-26d7-44d3-8db9-5301afbb411a,Tiffany Miller,davidduran@example.net,77.0,Female,135703.7,Marketing,2022-04-30,False
21d8b96a-62ad-4157-a0d2-759a3ad51382,Dale Heath,mserrano@example.org,71.0,Non-Binary,34943.32,Engineering,2018-02-21,True
daada0b1-2f13-4a6d-aad5-5c0b69fb2fe6,Nicholas Stanley,clarkrandy@example.org,27.0,Non-Binary,59063.59,Finance,2017-01-02,True
b4157cea-0738-4ba4-9770-a3dbe9fa97e2,Theresa Elliott,marycochran@example.com,26.0,Female,93909.88,Marketing,2021-10-15,False
fc48f615-83b0-435c-9ba6-fdf8f3d04ffb,Robin Taylor,rsellers@example.net,23.0,Non-Binary,55452.7,Finance,2017-08-20,True
4c68eb17-485d-431c-9bea-b52998017a2f,Karen Rogers,danielle44@example.net,41.0,Female,51631.55,Marketing,2023-06-24,False
dd84cacc-f672-4464-bf8e-a40a6b0ae0e3,Robin Peck,james27@example.net,25.0,Non-Binary,121733.21,Finance,2021-01-13,True
8f660bbd-54fc-486f-b457-7d47d8253010,Lindsay Moran,jennifer11@example.net,42.0,Female,35224.13,Hr,2018-08-02,False
01bb819c-4dfe-4117-a2af-711f1b628a9d,Evelyn Oliver,scott69@example.org,71.0,Female,123088.92,Marketing,2019-05-16,False
143b45e3-b6d1-46bb-b48f-709c49a22441,Jeremy Scott,ilewis@example.com,74.0,Female,118144.07,Finance,2025-09-12,False
88ddd880-afb2-4b3d-b8ec-cb4db69f5eab,Karen Shepard,william28@example.org,60.0,Female,135167.13,Finance,2019-04-22,True
fa745761-6f18-4108-9723-199dbf2c14a0,Mark Brennan,tjackson@example.org,39.0,Female,133722.35,Sales,2016-10-29,False
405bfdc9-4e7e-4827-855a-c7627428a656,Nathan Stewart,jamesrodgers@example.com,31.0,Non-Binary,115943.02,Marketing,2023-08-12,False
20de435d-2031-4750-840d-b9b4885f6e66,Theresa Martin,ibrandt@example.net,41.0,Female,55140.84,Sales,2023-04-08,True
1b19d8b8-d830-4081-afcc-57dd168fae12,Kevin Warren,vharrell@example.com,42.0,Female,110264.83,Hr,2018-08-01,True
41e02a89-566a-4ce7-af52-1b94f186e47a,Katherine Cummings,umurray@example.com,73.0,Non-Binary,146394.82,Engineering,2018-01-22,False
d8dff535-c62d-4aea-9e70-bd3000a21367,Monica Ellis,melissa86@example.org,39.0,Male,124637.25,Finance,2026-01-18,True
bc788423-87c5-4526-811c-45447fb33be5,Timothy Roberson,xglass@example.org,71.0,Non-Binary,85754.75,Hr,2023-04-15,True
54e14f3a-bba4-4ae0-adf8-f7672261ddef,Julie Howard,tony12@example.net,50.0,Male,44563.49,Marketing,2022-06-08,True
4988e418-f6c3-4218-8183-6315330f8be1,Matthew Velez,pearsonjesse@example.net,66.0,Male,86460.1,Hr,2023-08-07,False
6f7c15ea-272a-4d8e-b512-2df875b17a55,Joseph Santos,umarshall@example.net,50.0,Non-Binary,48891.93,Finance,2019-01-19,True
b3957a98-2320-4ff5-b538-f96c033e02f7,Jon Reed,gary24@example.net,51.0,Female,109812.94,Sales,2025-03-26,True
9d713084-171d-4bf9-9af4-81a7fa34d2e8,Janice Carpenter,colelisa@example.net,38.0,Female,121347.56,Hr,2018-04-01,False
d9155664-3d27-4ad5-a9a5-4c2402b622e9,Vicki Sutton,seanwhite@example.net,67.0,Female,128800.73,Engineering,2022-12-17,True
8fadc1a6-06cb-4fb3-9a1d-e644815ef6d1,Matthew Gardner,shaneramirez@example.org,32.0,Male,118376.55,Finance,2023-12-15,True
e32f2e63-b7fd-4d71-a075-e9275110b492,Shelia Johnson,younggabrielle@example.com,37.0,Male,56750.83,Marketing,2026-05-05,False
f81dbaa1-c812-4a8e-b830-89301327f1bc,Marcus Sanders,christianmelissa@example.net,32.0,Male,127990.39,Hr,2020-03-02,False
90ce82e8-e9a5-4368-9812-9eb27c13f47a,Jasmine White,carla04@example.org,51.0,Male,30922.45,Sales,2024-06-15,True
143ac1c5-4f56-4ed5-9566-9e364708203b,Christina Morton,peter14@example.net,45.0,Female,136570.92,Hr,2020-09-28,False
793bed1b-14f9-4394-ba20-74034ab427e3,Elizabeth Sanders,qjacobson@example.org,73.0,Non-Binary,67936.67,Hr,2022-10-14,True
dfcaf0b7-19b1-4e80-9ea4-ae1754fd9ad3,Ariana Lozano,bowenrobert@example.net,28.0,Non-Binary,42971.48,Engineering,2026-01-25,False
e238fe93-bd17-45e8-95ca-69ab8a2e6a93,Mary Walter,carlamoore@example.org,56.0,Non-Binary,145648.17,Engineering,2024-09-05,True
4f3949a8-3d3a-4582-88b4-f4743be79df4,Rachel Mckee,michealvalentine@example.com,54.0,Non-Binary,138963.14,Hr,2020-12-25,False
8c32bdb2-d42a-495e-8fcf-601f1cb9b73a,Christina Herrera,markmeyer@example.org,25.0,Male,146777.62,Finance,2023-03-04,True
32b73d80-8f2e-48d3-bb1d-bca32286e3f8,Matthew Gonzalez DDS,johnadams@example.com,58.0,Female,74105.27,Marketing,2019-08-08,True
949cd8d4-8ed8-480d-84cf-ee39bf31c29f,Connie Brooks,lbarton@example.net,65.0,Female,126507.9,Hr,2021-05-16,True
76e5ae78-7bf7-41d3-aa66-2fce7089fc6d,Lawrence Edwards,jessica56@example.org,49.0,Male,99242.54,Engineering,2023-12-22,True
973e129c-35f0-41be-baa1-219a7a9398bb,Roy Johnson,andersonbrittany@example.org,72.0,Male,60072.64,Finance,2022-08-30,False
200291bb-44e9-48fb-8838-a8881a2e9864,Monica Hall,alexisrobinson@example.com,51.0,Non-Binary,111194.67,Hr,2019-06-26,False
80be7e35-61c2-445a-8733-230448223120,Tracy Montoya,moniquewilliams@example.com,78.0,Non-Binary,53799.57,Finance,2025-02-09,True
abdd1a8f-a4b0-4c89-b10b-ce9c582b91ee,Joseph Horton,yhernandez@example.org,73.0,Male,83585.69,Hr,2023-11-29,False
84ef4324-cc1b-4157-ac9f-9c545e0a72ab,Bradley Coleman,lmorrison@example.net,51.0,Male,40273.56,Hr,2019-04-22,False
159152f2-a505-4a9c-86e7-5a2c3f6eed9d,Kyle Griffith,kimberly04@example.org,72.0,Female,87933.42,Engineering,2021-07-18,False
ddcf8766-a93b-42cd-9c24-220e2cabd7e7,Adrian Tyler,briannasmith@example.com,47.0,Female,136336.43,Finance,2016-11-21,True
bea29dfe-c73f-4e1b-af90-8e3cdd750e98,Susan Mcgee,kimberly39@example.com,42.0,Non-Binary,52809.45,Engineering,2018-07-23,False
edcb8cb6-0692-4c63-9424-aed51bac5c15,Michael Rubio,mdavid@example.org,77.0,Female,64229.91,Finance,2022-04-15,False
7c93f6cc-97d7-4560-adb1-4670ad9fb00d,Elizabeth Walker,smithkevin@example.org,75.0,Non-Binary,143527.44,Engineering,2024-01-16,False
01a25ed1-c3ab-45f1-8c6b-7074ab102c9b,Ryan Hall,albertwagner@example.com,72.0,Female,132280.96,Finance,2016-12-20,False
4ccc9bc2-a53f-4a28-abf3-e3fc21813d25,Timothy Walls,ellisyolanda@example.org,68.0,Non-Binary,80659.2,Engineering,2017-02-05,False
bfbbb17f-9854-4e4e-8ebf-a5c3cae9b4a7,Tammy Gonzales,sbarker@example.com,36.0,Non-Binary,55275.56,Sales,2025-10-17,True
eadf5085-3fcb-4546-8eb2-25790cdb1ca4,Joyce Solis,stephanie79@example.net,35.0,Non-Binary,88249.74,Finance,2025-04-15,True
28457780-5e20-4957-aab8-bd33911f730b,Brian Berry,perezwilliam@example.org,45.0,Male,119350.68,Sales,2024-12-14,True
b0c77002-1956-4990-a5fd-aadb0c36ad4e,Daniel King,colematthew@example.com,63.0,Non-Binary,65974.87,Engineering,2019-12-21,False
171b1b80-09b7-4df7-bd8d-3ddd2cf149cb,Kyle Smith,nsmith@example.org,22.0,Female,133411.72,Engineering,2024-06-06,False
639fc471-d975-4f00-95ab-a8ae9112fbc0,Kimberly Reyes,krystalnorris@example.org,49.0,Non-Binary,47174.13,Hr,2021-05-17,False
1747f387-7d23-4479-9549-2a82b787ef8d,Jill Brown,williambryant@example.org,63.0,Male,67290.02,Engineering,2021-12-15,False
9e0b7b01-7536-49ef-9873-dad95a1baf0e,Michael Mcbride,powerslawrence@example.org,76.0,Non-Binary,66262.82,Hr,2019-06-03,True
816ce054-282c-4470-af32-f72aa4b5c723,Sarah Booth,waltonmalik@example.com,58.0,Non-Binary,99005.69,Marketing,2026-01-25,False
e00bd534-3158-41fb-ac7a-0d3107692583,Sara Wright,xwilliams@example.net,34.0,Non-Binary,132187.95,Finance,2018-05-11,True
610461e3-2a25-4888-8f02-bad0e7067ef4,James House,smitchell@example.net,34.0,Male,59595.3,Finance,2026-04-28,False
b5a5f8e6-b639-4f04-a852-4385d9f2dd0d,Marcia Leon,davidharris@example.org,31.0,Non-Binary,88103.83,Finance,2018-09-25,False
cc351e4f-703e-457f-b5ab-8466b5578b00,Michael Fuentes,ichambers@example.net,68.0,Female,34003.74,Sales,2019-05-25,True
f7980131-a885-47b4-9037-2a5cb893b08a,Jasmine Warren,jcannon@example.net,38.0,Female,107507.75,Engineering,2019-03-14,True
cef74829-363e-4ef4-b8df-cc3a2acb4fbd,Andrew Miller,oharris@example.org,47.0,Non-Binary,96517.96,Engineering,2024-09-15,False
3f551740-0a2d-46a6-8580-4493b6646199,Elizabeth Burns,andrewsutton@example.com,23.0,Non-Binary,83457.92,Engineering,2022-08-14,False
2e8d0e87-5334-40e6-99d8-0b8d7e8adee7,Mr. David Ramirez,angela83@example.org,43.0,Male,142991.54,Finance,2018-10-12,True
3b1d0181-9cc3-41f5-9129-bc759b08e5a8,Crystal Johnson,wattsthomas@example.net,41.0,Female,83824.46,Hr,2024-10-29,False
9249ee3a-79d1-4c4e-9521-ad35560f1e2d,Kimberly Baker,xshaw@example.net,61.0,Non-Binary,140772.72,Sales,2017-09-02,True
ff86cc31-9d66-4815-9a41-53b3e95f176c,Mark Moody,jonesdana@example.com,51.0,Male,41166.4,Marketing,2021-07-01,False
73e88db6-9e23-43d0-b491-5c14a30b669c,Marcus Lopez,hernandeztara@example.org,38.0,Female,71856.38,Sales,2018-03-24,False
2598f383-9280-4da2-a40b-50e40a086989,David White,kgreene@example.net,26.0,Non-Binary,66338.95,Finance,2016-07-21,True
838b77ad-bc2e-4b59-ac7d-d667f664c720,Andrew Ramirez,david94@example.org,51.0,Female,109310.31,Sales,2019-09-03,False
5bd20c98-a513-4ea0-ba53-e34de6d5901d,Donald Donaldson,ndavis@example.net,50.0,Non-Binary,105952.9,Sales,2022-10-06,True
ebe5841f-e9c9-4c52-898c-60b3efc9909e,Stephen Thompson,osbornrandy@example.com,29.0,Non-Binary,82306.2,Hr,2018-03-25,True
a2379e6f-d473-4534-9aea-635257632e1e,Dorothy Boyd,williamsfrank@example.org,51.0,Non-Binary,31949.07,Engineering,2024-08-02,False
19f738cb-6016-4743-8bc8-3a0259ea4936,Rachel Lane,franciscojones@example.org,51.0,Non-Binary,53268.44,Sales,2019-04-26,False
3d877034-7217-4fa3-9893-ef12ab3f8d22,Lisa Oliver,flemingmanuel@example.org,60.0,Non-Binary,78745.23,Finance,2020-03-23,True
64976593-c92e-4c93-9105-c8d647c1c017,Timothy Gonzalez,erinpierce@example.net,58.0,Male,138408.44,Engineering,2020-12-25,False
b6dcbd05-da9b-4cc1-a71c-681a6511e61a,Kenneth Black,davidtodd@example.org,59.0,Male,103801.01,Finance,2025-11-09,False
dd3ee854-5340-44b0-aa4f-4a80dc412176,William Fernandez,amy28@example.org,73.0,Non-Binary,117288.25,Marketing,2022-04-11,True
98eeac2b-fe9f-4caa-a182-f347533f5a72,Jody Jacobs,mcguiredanny@example.net,21.0,Non-Binary,59903.79,Engineering,2022-11-16,False
3ff69f41-9508-4801-a3be-7ca05df924fb,Robert Davis,ncarroll@example.net,60.0,Male,52173.74,Marketing,2017-02-20,False
eee9795e-a308-4e48-a4e5-b5b0d25ad576,Brittany Lopez,jackfarmer@example.net,36.0,Female,51597.76,Marketing,2022-07-15,False
0bb432b3-d2e7-4deb-90b6-a6622ac1d5ca,Earl Luna,ryan25@example.com,73.0,Female,36261.58,Hr,2019-12-17,False
0e7da698-ab95-472f-8d95-aaf5253421bc,Paul Martin,frances20@example.net,25.0,Female,82434.17,Hr,2024-03-18,False
e1d46f82-21c5-4e41-a8ce-e951b0478ea4,Caitlin Cantu,clarence54@example.org,18.0,Female,124798.16,Marketing,2020-02-01,False
b719bb68-2775-4e42-a89e-22f240afbf3f,James Cole,iaguilar@example.net,51.0,Female,69206.3,Hr,2025-08-08,True
534fc96d-19ca-4c1b-94bc-f47a61223189,Scott Lopez,joel79@example.com,50.0,Male,35436.4,Marketing,2020-01-10,False
96a402f2-3ae8-4c93-8dcd-cd03969b6662,Benjamin Welch,carlosjohnson@example.com,47.0,Female,62393.74,Finance,2017-01-27,True
189099c9-f2be-429f-9514-9755838e9a61,Tyler Medina,simsjason@example.net,20.0,Male,38068.0,Sales,2024-02-07,False
50647c59-774f-4354-b316-ce642a147a96,Joshua Oconnell,shannonford@example.org,22.0,Male,118916.29,Engineering,2017-04-09,True
49ac9087-4601-4028-b8be-ff3dcb9faf6d,Michael James,xcardenas@example.org,50.0,Non-Binary,89255.43,Engineering,2019-04-10,True
1e639261-50e9-4888-b273-0e7b7f9ad277,Dr. Alicia Powell,hawkinsaaron@example.org,29.0,Non-Binary,110185.79,Finance,2024-04-14,False
276aa6ce-d507-45d9-a5d0-4d531e1242e3,Dr. Jordan Hill PhD,jsanchez@example.org,31.0,Non-Binary,59943.57,Engineering,2020-03-15,False
1d2c2721-7522-4646-b273-75bf5373bf4d,Scott Rose,candice96@example.net,76.0,Non-Binary,56564.06,Engineering,2017-07-05,False
8675820e-8941-4dd3-9803-a82e926a4bd0,Michele Johnson,hayesmargaret@example.org,66.0,Male,87933.42,Hr,2025-02-22,False
cfd7f3b9-c68f-4ba5-9e0d-02b5fe7402cd,Robert Matthews,michelle96@example.org,72.0,Female,41922.55,Sales,2022-07-12,False
39b02e2a-d96e-484f-bdb0-174e7938878a,Michael Shaffer,harttammy@example.net,39.0,Non-Binary,121544.72,Hr,2021-09-01,False
50deef43-cde5-435a-b011-7b0a349651d6,Brian Simmons,jose86@example.net,62.0,Male,48969.65,Hr,2020-01-09,False
cd840a47-fd7b-4279-9253-55159dc0a8b5,Charles Williams,jamesbrooks@example.net,44.0,Non-Binary,95908.14,Hr,2024-11-23,True
dfa59722-0a1f-49df-9a59-19749adf4709,Robert Matthews,timothybooth@example.com,32.0,Female,35237.68,Hr,2019-05-26,False
57bcad3a-d0a1-4fe8-9f64-2a5317cba85d,James Rivers,mary76@example.net,75.0,Male,32280.47,Marketing,2025-03-25,True
71299889-a01a-4992-bf9d-3e64c1a6423b,Christina Dunn,samuel71@example.org,71.0,Female,99901.15,Marketing,2026-02-05,False
00e85ece-0b49-452d-86d4-83f3d450281c,Carlos Whitney,joycearnold@example.com,36.0,Female,48978.93,Engineering,2021-12-22,False
ce532ffd-bb13-4f02-96de-66c96210def6,Erik Ibarra,patrickli@example.org,67.0,Female,91588.55,Engineering,2022-10-13,False
ba236c22-e92a-4b97-91db-1a374204d733,Andrea Hughes,rarnold@example.net,76.0,Non-Binary,108220.49,Sales,2020-12-12,False
8ced4707-3903-4b65-81c6-1eeb0ce3c8c8,Jennifer Young,kwallace@example.com,45.0,Male,103777.15,Marketing,2017-03-31,False
4d85e9c7-a001-4720-a00b-290346426c45,Anna Davidson,georgeweber@example.net,73.0,Male,98887.71,Hr,2019-09-29,False
08601833-479d-4cda-b396-ea37f065c817,Claudia Wallace,melissagarcia@example.net,68.0,Non-Binary,50362.97,Engineering,2020-01-15,False
7010f719-7e69-4d0d-8a3c-3b5e801ef1da,Andrew Reynolds,cassandra01@example.org,0.0,Non-Binary,132349.54,Finance,2025-12-26,False
30807a5d-62a5-4eec-881a-f04f3b23feed,Matthew Hudson,angelagrant@example.net,51.0,Female,148691.94,Finance,2017-06-03,False
0df56ac6-f96b-448a-8ba6-eab94639447b,Melissa Martinez,agarcia@example.net,38.0,Male,31117.85,Finance,2019-03-18,True
38d77b9a-e916-4a57-b248-23ab177a8a5f,Stacey Arias,gbrown@example.com,68.0,Non-Binary,123916.24,Sales,2018-09-22,False
2c154804-0997-49a3-b919-955c9be4f19f,Charles Franklin,vwilliams@example.net,20.0,Male,114914.6,Hr,2018-09-28,True
389641dd-8570-459f-a903-ae67fc568b53,Donald Hawkins,conniesimmons@example.com,64.0,Female,130497.11,Finance,2016-11-01,False
46a3cc71-ff2f-4883-963b-5481284e4cd4,Heather Foster,aprilmclaughlin@example.org,30.0,Male,89791.87,Finance,2025-07-23,False
85c7f3be-d183-410f-a319-629bd73e7bb9,Joseph Camacho,parmstrong@example.com,20.0,Male,74248.51,Sales,2019-05-10,True
2c435667-7b87-4b4a-8afb-c4fe531f04af,Steven Warner PhD,larsonkevin@example.net,38.0,Male,30819.61,Hr,2024-06-13,True
635a11f2-5c7a-483d-8a9d-2704e860bcb1,Jesse Williams,dakota84@example.net,61.0,Non-Binary,71341.77,Finance,2018-12-31,True
14a34f7f-d90d-419b-93fb-e043af1d5a1a,Shannon Malone,sullivannicholas@example.com,46.0,Male,113280.14,Engineering,2016-12-04,True
44bed486-7ea5-4387-b63b-e5cbd3293724,Drew Kelley,ashleewashington@example.com,35.0,Male,148503.28,Finance,2025-04-23,False
a72bdddd-511e-4eb8-9040-5c433a6c7da6,Derek Newman,pam59@example.net,0.0,Male,100022.79,Marketing,2026-01-09,False
d5f25073-f414-42b1-a442-9ebbda7b9095,Paul Payne,tracynelson@example.com,30.0,Male,94354.29,Marketing,2016-08-28,False
12738a23-5aaa-432f-8e63-22b6ab05347f,Patrick Graham,umorse@example.net,72.0,Female,94586.47,Finance,2020-08-29,True
571aa876-6c30-4511-b2b9-437a28df6ec4,Daniel Gallagher,daviscolin@example.com,55.0,Female,33813.92,Engineering,2022-05-28,True
90fa6b57-24ac-4130-9eaf-528d2e709838,Andrea Figueroa,davisalyssa@example.com,26.0,Male,57751.38,Marketing,2020-07-25,True
53391df4-5ae8-4d18-88dc-1e26c7c2564a,Katherine Doyle,jamesjustin@example.net,68.0,Non-Binary,134651.89,Engineering,2025-12-07,False
8dd4595b-5c63-46f3-86ba-8cd37e7838c9,Julie Bird,cherylmiller@example.com,80.0,Male,129915.4,Sales,2020-05-07,True
a9320094-53f2-4f11-947f-65701a43db54,Jeremy Robbins,hannahbell@example.org,51.0,Male,87933.42,Hr,2023-08-21,False
7f111a36-8c52-4271-8a16-7e18290e3e89,Melissa Castillo,aaronpowers@example.org,42.0,Male,74989.52,Engineering,2024-09-20,False
fa84bb5f-fa6e-4743-bef9-7d573c77ea4a,Robin Garrett,bzamora@example.net,26.0,Non-Binary,79850.95,Finance,2025-11-10,True
5876fd09-f1fa-4665-b115-33f312e89d10,Elizabeth Hayden DDS,mbruce@example.com,55.0,Female,34590.86,Finance,2024-11-25,False
cd5f4822-6966-48aa-ae49-f329c84a7b28,Nancy Wright,kristinrodriguez@example.org,56.0,Female,88632.68,Engineering,2024-12-14,False
cbceabde-eede-4b07-a623-a6895d59cd2a,Amanda Howard,elizabethgomez@example.net,51.0,Non-Binary,65813.37,Finance,2025-03-17,True
e7bbaefc-8f3d-497f-a6b0-da0ab98f5dbe,Dana Meyer DDS,dominicturner@example.com,62.0,Female,32632.75,Hr,2017-10-29,False
4140752c-aa44-4259-9001-8b7b6d4067f4,Christian Leblanc,davischristopher@example.com,78.0,Female,103518.28,Finance,2017-05-01,False
669d01ff-1634-425b-93f3-007383e96ef4,Cathy Taylor,shari04@example.com,51.0,Male,67742.06,Sales,2018-09-21,True
e3b16d36-78e3-4397-923b-31cf9ee339ff,Bryan Becker,robert22@example.org,80.0,Female,103271.45,Hr,2019-10-17,True
759cde66-bacf-43d0-8b1f-9163ce9ff57f,Valerie Gray,maria95@example.net,32.0,Non-Binary,102242.25,Finance,2018-04-16,True
3d9c4e64-0401-4ced-a398-36bbe23ddfaa,Brian Johnson,sanchezbradley@example.com,73.0,Male,63149.69,Hr,2018-09-17,False
db6ba39b-36dd-4529-b704-d72fc7a2f280,Danny Clark,xpalmer@example.net,56.0,Non-Binary,142560.26,Sales,2016-06-15,False
cc530e36-addc-4e13-ab3b-4d37560c95ee,Christopher Mcdonald,tinaferguson@example.com,29.0,Female,85515.37,Engineering,2022-04-15,False
8dda4ff2-b27b-4bb4-a8c6-90b230a2cee8,Monica Baker,kenneth10@example.com,66.0,Non-Binary,39042.39,Hr,2022-01-31,False
718d4d05-e8e2-4743-b65f-eea97d824264,Bobby Franklin,martinezclaudia@example.net,32.0,Male,126493.18,Finance,2021-11-07,False
d1f16485-429a-4a7c-8c80-d33aad5be3c8,Amanda Sullivan MD,codygarcia@example.org,39.0,Male,74406.37,Sales,2017-07-31,True
83bc9478-dd6a-47b8-a778-043bc5c5b37a,April Booth,mgutierrez@example.net,25.0,Male,143406.11,Marketing,2019-12-26,True
e9d68f23-b489-4070-b914-f8a8bea4ff31,Jasmin Alvarado,tylerjohnson@example.net,69.0,Non-Binary,133687.68,Marketing,2026-01-08,False
fb8986c8-c7ec-4e71-9493-47fc0fc98d2e,Craig Morales,aguilarjonathan@example.org,74.0,Male,48669.59,Finance,2016-08-01,True
4c6e27ff-b9de-4a3a-8868-22b900a81de9,Lauren Keller,seanwashington@example.com,77.0,Male,133752.68,Marketing,2021-11-20,False
4dcd0009-c8d5-4717-9055-a36f4aa5f9d3,Dana Richardson,xcuevas@example.org,54.0,Non-Binary,55528.66,Hr,2023-09-10,True
0bbf6334-e3ea-4d7f-8219-a845d9eb404c,Charles Holland,michael79@example.com,66.0,Non-Binary,86293.22,Finance,2025-02-25,True
fb38cd91-21f6-463d-ac20-af11ebd33927,Vanessa Thompson,jennifer58@example.com,34.0,Male,120394.91,Marketing,2022-03-12,False
28489240-2fd9-4ce1-a676-27ca3625fc20,Mitchell Wilson,robertrivera@example.org,77.0,Non-Binary,57056.43,Finance,2021-03-07,False
66a302d6-f43e-4c48-8bc1-f9e5fb3df063,John Campbell,mark87@example.org,79.0,Female,102049.21,Sales,2020-01-21,True
4458a885-ab90-49a4-b5a2-40ae5af30553,Melinda Jones,amandasanchez@example.com,46.0,Non-Binary,63382.88,Engineering,2020-02-29,True
46a52064-d284-4528-b091-6fb7f17f3f92,Kayla Duncan,clintonstevens@example.org,70.0,Female,91833.68,Engineering,2017-10-01,False
fa4a58ef-e383-4348-873d-c8bd122dd7be,Isaac Stewart,kvalencia@example.com,56.0,Male,37881.87,Sales,2020-01-08,False
a9f948b2-4e63-44bb-be49-3f43b118f68d,Kara Schmidt,jbarajas@example.com,60.0,Non-Binary,97827.23,Sales,2019-11-20,False
87cf63fd-1183-4c4f-a492-04c7ad58db1b,Lisa Martin,jennifer26@example.net,51.0,Male,143449.88,Engineering,2023-03-27,False
fa033d6c-822f-42f0-a175-a257fad3b44c,Stephanie Washington,lopezvincent@example.com,51.0,Non-Binary,54648.18,Finance,2021-12-22,False
a2dd22d5-2afa-4b7b-91cb-f9e5fb7d3ba1,Ann Fletcher,sean43@example.org,51.0,Male,77492.0,Sales,2023-04-20,False
4fc77768-5ebb-4ca5-a84b-f9625744f596,Paula Bradley,wareeric@example.net,22.0,Female,78911.92,Finance,2016-11-11,False
22f3f068-7c0f-449d-8274-0f73f3abea0d,James Hoffman,fortiz@example.com,42.0,Female,74521.38,Finance,2023-06-21,False
1c11f735-dc71-4d96-8c0f-d195c17af08a,Christopher Becker,cruzcaitlin@example.com,52.0,Male,146773.89,Hr,2021-08-28,True
3f59e4f2-c309-4b6e-b7e9-d2e2d35ac07a,Linda Cobb,xrice@example.org,53.0,Male,141320.73,Hr,2025-07-16,False
34fa32b6-d043-4e4c-b4e5-0699c8ebe27a,Laura Patel,mariopadilla@example.com,21.0,Female,63105.77,Engineering,2022-02-04,False
bf0d073d-821c-4336-9970-cf60ebff8d15,Sharon Hill,ymorgan@example.net,67.0,Non-Binary,136096.16,Hr,2019-01-14,True
06531d47-4867-4b30-b956-77318a4cfe1f,Samantha Brooks,stucker@example.net,78.0,Male,47133.54,Finance,2018-04-17,False
89bab9c8-bd71-4da3-b581-a63254f5df70,Joshua Christensen,jdean@example.net,51.0,Female,87933.42,Sales,2023-05-10,True
8c41561b-e827-41b9-94a0-2e536d3ee1dc,Christopher Hensley,pgreen@example.net,64.0,Non-Binary,99145.4,Marketing,2019-02-21,False
902f3465-0b57-4720-9cd8-758ba5a1c825,Miss Jennifer Goodwin,grodriguez@example.com,71.0,Male,60836.41,Hr,2018-08-02,False
efe9b3d0-3639-48bf-83ec-e8ffe8b3d763,Patrick Burgess,srocha@example.net,51.0,Non-Binary,125087.24,Marketing,2023-05-28,False
ef40d162-0f6c-49bf-be7e-e3628a89b0f0,Victoria Kennedy,robert26@example.com,78.0,Male,107725.16,Marketing,2026-04-18,False
1b61d453-68c2-494d-b8b8-18cfbe153187,Craig Martinez,ylewis@example.org,33.0,Non-Binary,108852.53,Engineering,2023-07-15,False
effad15b-bea6-450f-8acc-b23cba6dbed8,Barbara Olson,james03@example.org,30.0,Non-Binary,62535.93,Finance,2018-09-22,False
7d98302f-7357-41e5-be1a-1ba9c8969c5b,Juan Bennett,eringuerrero@example.org,61.0,Non-Binary,48957.07,Hr,2024-02-02,False
a79ac9aa-9b4e-4c24-9479-e1e6c9277d9b,Jeremy Lowe,yleon@example.net,25.0,Male,56963.68,Sales,2018-01-23,True
e82a3879-f2b5-47ea-aa35-ce30303cb04b,Jennifer Perez,jasonjohnson@example.net,53.0,Male,87933.42,Finance,2018-01-21,True
a76afde6-ce9e-4a11-bcbb-4e59fbddcf7c,Mary Spencer,mcmillandennis@example.org,80.0,Non-Binary,133293.56,Engineering,2025-04-07,True
d240ef02-a968-4fc1-ba5c-865db8344070,Brady Cole,kdillon@example.org,50.0,Non-Binary,50236.31,Finance,2024-09-02,True
c6a1a468-afb3-43ad-9c43-2ed564caa1c7,William Wolfe,astewart@example.org,66.0,Male,53886.95,Finance,2023-02-09,False
b34e356a-c95b-41f8-832a-461adf9b7c1f,Kelly Barnes,khernandez@example.net,50.0,Male,144926.68,Hr,2022-03-12,True
49a2afde-b235-4a3c-8c7f-9517cbfd4a31,Amber James,rfrye@example.com,62.0,Female,74081.63,Finance,2026-01-10,False
f16287e4-e9c3-49e0-b602-f8ac10f1bc81,Michelle Lewis,pfoster@example.com,79.0,Female,42265.23,Hr,2017-10-17,True
f3ea0184-28f4-43ce-aded-da80bff9507d,Samuel Gregory,ejohnson@example.org,62.0,Male,66744.72,Finance,2024-02-25,False
78946a15-c342-41db-ac3a-acdcaed54a46,Patricia Smith,smithjason@example.org,42.0,Non-Binary,93666.82,Hr,2025-11-08,False
6986305a-5da3-49cf-8ed0-730d711dc1dd,Eric Smith,mauriceharrison@example.org,38.0,Male,85159.62,Finance,2023-03-31,False
e5ad481d-577f-4c16-a6d6-58fb39bfc9b6,Chad Blair,robertberry@example.com,53.0,Female,110732.13,Sales,2026-01-27,True
606cc2f5-2c81-4bf0-91f6-04068b5a8683,Holly Valdez,blacknicholas@example.org,67.0,Male,81914.19,Engineering,2021-07-13,True
135508d0-73b5-4ad5-a00b-4b356a0aa7d5,Sheryl Davis,heather57@example.com,22.0,Non-Binary,54858.88,Marketing,2019-08-22,True
1190f938-a66f-47f7-b966-9fa759970043,Marissa Webster,jamessmith@example.org,44.0,Female,87763.01,Hr,2018-10-02,True
397b5f51-5ffa-46ef-94e4-180cfe9936a3,Timothy Combs,lacey20@example.com,60.0,Female,38274.81,Sales,2025-07-17,True
ce88cb2d-d4e8-4839-bc3e-058be0f3eab0,Anthony Humphrey,millertodd@example.org,42.0,Female,84409.24,Sales,2026-02-23,True
d46b7756-b9e4-49ef-88d4-95a48cb21aa2,Lauren Bailey,jeremy37@example.com,49.0,Female,89684.43,Engineering,2022-02-12,False
a07295e9-7c0e-4cd8-8573-e793c715b2b9,Jeremiah Reeves,josephflores@example.net,69.0,Female,52849.19,Engineering,2017-03-04,False
23e2fcb4-72d8-467d-894a-05e430b187ef,Donald Wright,ramosmichelle@example.net,22.0,Male,139576.33,Finance,2017-05-06,False
2ff3cde4-6aa4-4c9f-9217-04753d959e3f,Angela Villegas,ashleyamy@example.net,47.0,Female,129088.15,Finance,2021-11-28,False
bc3e1d19-75f9-4230-b2fd-73c508942176,Kelly Hendrix,tprice@example.com,77.0,Female,108716.65,Hr,2017-12-14,True
77e8b762-bb7e-4979-92dc-bffd59008d65,Ronald Rocha,caseymoore@example.com,79.0,Non-Binary,147349.29,Marketing,2024-07-24,False
02ed5d15-edbc-46d8-9a30-7096d97766be,Lynn Brown,floresannette@example.com,34.0,Non-Binary,73146.25,Marketing,2021-05-23,True
ba54e920-2099-4180-8762-3997649f7d88,Sandy Avila,steven86@example.net,71.0,Female,147629.36,Marketing,2020-02-28,False
8d55119e-3d44-4b2c-aa45-ba416589ada1,Douglas Owens,kyle58@example.com,79.0,Male,45149.55,Finance,2021-01-10,False
b5b453ca-3d42-493c-8c9f-d3349bdf0377,Juan Tran,walkermaureen@example.org,26.0,Male,66991.0,Engineering,2020-12-24,False
f5edf382-a3a6-4f83-8ab6-31076fd69b3a,Mr. Michael Hoffman,jeffrey92@example.com,51.0,Female,32502.79,Sales,2019-06-08,True
2804d0ac-7957-41bb-87e3-c39aa9252745,Brandy Myers,susan24@example.net,51.0,Female,139625.1,Engineering,2025-03-28,False
a962d996-6bbe-4b5a-8d15-f7d80261c87a,Joseph Dean,robertroach@example.net,78.0,Male,128004.39,Sales,2023-07-22,True
2540fbfe-e12f-46cd-96ea-f269514e1353,Pamela Beard,tali@example.com,77.0,Male,148336.47,Hr,2023-10-28,True
555736f8-267e-4dce-9f8f-41979a4a99b2,Matthew Rangel,tammy62@example.net,78.0,Male,53923.28,Engineering,2023-06-16,True
9be71737-06b8-4231-8e86-7f3ca487eeab,Sandra Adams,joshuafarmer@example.com,33.0,Female,70301.7,Finance,2019-11-17,True
0df407b8-2751-4b86-bdae-c949d700b461,Jeffrey Phillips,bgonzalez@example.org,66.0,Non-Binary,121185.26,Hr,2018-01-28,False
e3a68a70-7e71-4b55-8639-bd418b15bd94,Sarah Mcdonald,lisarivera@example.net,72.0,Male,69576.44,Hr,2020-12-15,False
bdd640fb-0667-4ad1-9c80-317fa3b1799d,Daniel Doyle,garzaanthony@example.org,58.0,Male,33001.29,Sales,2018-07-21,True
0b251279-785a-45d0-9f92-a62163f4c69d,Veronica King,kellycarlos@example.org,38.0,Male,129687.72,Engineering,2023-09-12,False
11a72609-5edd-4bbf-a959-76636daa2e68,Gloria Atkinson,xgarcia@example.net,65.0,Female,36859.83,Finance,2025-04-13,False
c8e60939-1d2f-4d2a-885f-78881e23da4b,Craig Gonzalez,marie35@example.net,44.0,Male,87933.42,Sales,2020-06-18,True
80913ac1-0463-450e-8964-6b96fa3c1628,Megan Drake,danieldavis@example.org,57.0,Male,58172.43,Sales,2018-10-11,True
e7f2418a-953f-4fd4-a069-4b6d04b51c12,Amanda Jackson,james94@example.org,76.0,Non-Binary,43465.05,Finance,2021-01-06,True
0a398bf7-27a1-48a0-afff-a2f4b5ae329d,Frank Williams,tracy98@example.com,56.0,Non-Binary,81133.93,Hr,2017-02-04,False
a77d95f1-d7c4-4e9c-a1e0-fffc98f6fd7f,Donna Smith,jordannicole@example.net,73.0,Non-Binary,148803.75,Sales,2020-01-10,True
bb64a525-bc65-4d94-a56d-4d11f7bd8499,Mr. Daniel Freeman,bakerjim@example.net,80.0,Female,107080.63,Hr,2018-06-08,False
436ae2bb-d509-4e07-b368-d836027d3808,Brandon Nunez,charles27@example.com,26.0,Female,117300.97,Hr,2019-11-26,False
1da466fe-b093-4085-8c59-21f8050dcbfe,James Kelley,nmiles@example.net,75.0,Non-Binary,47681.84,Hr,2023-03-24,True
eac80da1-de9f-4f5b-b2d3-545861ea2f30,Jaime Vega,desireebailey@example.org,77.0,Non-Binary,65023.39,Sales,2026-04-18,False
9549c931-e9af-499d-bf67-1eec3da70577,Joel King,elizabeth74@example.net,78.0,Male,43841.01,Sales,2021-10-31,True
d342af08-0a8b-45b4-9049-4583ec86a890,Angela Fry,debra96@example.net,46.0,Female,52123.64,Engineering,2022-10-04,False
5ab28d4a-8bd8-4fcd-97a2-be4e887b03e5,Sharon Becker,chelsea33@example.com,56.0,Non-Binary,128908.84,Sales,2021-12-12,False
1529e6f5-2ad1-4fe8-bd1b-695e71a0449d,Rebecca Walker,hillamanda@example.org,55.0,Non-Binary,117191.9,Hr,2024-03-05,True
c342bd2b-f295-456e-9967-5f06bd767e35,Daniel Guerrero,johnarnold@example.org,57.0,Non-Binary,93472.88,Finance,2016-05-23,False
a55f65b7-e709-4ba6-b29f-c41710813d45,Carl Stein,david70@example.org,61.0,Male,62652.34,Hr,2025-08-10,False
fdb1429e-7010-4d13-b526-b22d3f6c21f7,Joseph Moore,samantha66@example.com,19.0,Non-Binary,94730.29,Sales,2023-02-27,True
47bf8db7-82d9-4774-aa7f-6c7dc3a6b204,Paul Anderson,imendoza@example.org,26.0,Male,77268.45,Sales,2021-05-23,False
814ff657-76d7-4561-92d1-4ef55e4c4fd1,Thomas Maldonado,nathanwheeler@example.org,39.0,Male,99928.74,Marketing,2025-12-21,False
6c5a6c93-871c-4884-9bdf-90f2ba2c0f19,Dwayne Turner,allendanielle@example.net,79.0,Female,106270.21,Hr,2020-12-08,True
8a9e0964-db6a-44ea-83a5-823701b216cf,Sarah Watson,travis94@example.com,66.0,Non-Binary,63566.48,Finance,2018-03-13,True
ecc817a6-19a6-480e-b08c-e6c2f6ff3521,Richard Floyd,natalie46@example.net,69.0,Female,87933.42,Engineering,2021-03-22,True
0be7728e-6a1a-4a9d-81d4-8a101b968925,Sara Chapman,lellis@example.net,26.0,Male,72275.89,Sales,2017-09-17,True
36d55494-f37f-450d-ae25-b5ee4f11d8dc,Ralph Lee,ericphillips@example.org,47.0,Non-Binary,60749.24,Sales,2021-06-11,True
d2da43ec-0eec-4013-b55b-eaaacb53f0be,Kendra Navarro,christian38@example.org,18.0,Female,98155.42,Engineering,2017-05-18,False
2a26f770-4ddb-4b36-a72c-058884a2576c,Timothy Perez,meghan43@example.net,51.0,Male,106544.36,Hr,2025-12-06,True
3a578a8e-a948-4d99-8bbb-259911ce5dd2,Victoria Wyatt,jamesshawn@example.com,63.0,Non-Binary,114159.0,Hr,2017-12-29,True
402da0fa-227d-4ecc-b972-393a5bb0dd76,Karina Kim,amy73@example.net,63.0,Female,42065.39,Marketing,2018-03-26,True
3ec0a285-cbc4-4c0e-82ae-f6748beb4e78,Timothy Johnson,cynthia05@example.org,72.0,Male,72013.68,Finance,2023-12-16,False
51b1943c-1b2e-4edb-8fc8-5fc083d5bceb,Bryan Cole,colinroberts@example.com,27.0,Non-Binary,143895.08,Engineering,2025-01-03,True
5fbbcda5-a64a-4fe8-b646-e2b17800e27a,James Wells,jamesjohnson@example.org,23.0,Non-Binary,145697.33,Finance,2025-08-15,True
b61e5fdb-1a43-4206-af2d-dcc48df661da,Sarah Mitchell,joshuawhitehead@example.org,51.0,Non-Binary,122697.71,Finance,2024-09-04,True
668c8477-0b95-417c-9dae-1201673ba8bd,Justin Cox,charles87@example.net,57.0,Non-Binary,41908.03,Marketing,2019-03-01,True
b02b61c4-a3d7-4628-ace6-6fa2fd5166e6,Melinda Cameron,perezantonio@example.com,62.0,Female,70830.06,Marketing,2020-05-18,True
5c238d8d-71da-45b9-8eea-9db8f165d779,Ashley Miller,jcole@example.net,47.0,Female,53906.04,Hr,2020-06-12,False
637e3f94-110c-4d92-8222-305df1f71605,Mary Durham,michelle04@example.net,54.0,Non-Binary,47982.29,Sales,2020-03-25,False
a449d64f-922d-4ab6-8825-2b391947ea42,Mary Fox,brandon39@example.net,44.0,Male,142070.71,Engineering,2017-01-27,False
8b2c550a-6b15-411b-b113-d50bdea050c6,Warren Miles,rodriguezjohn@example.net,30.0,Male,124381.54,Sales,2019-12-01,False
7ff4cec6-e7b7-44c6-9631-2a801c612ec2,Alexis Robertson,jennifercarter@example.org,45.0,Male,118055.44,Sales,2022-07-07,False
7779857f-37dc-4c78-8082-fcda7580e4e9,Joseph Hanson,smithyvonne@example.com,59.0,Non-Binary,80808.76,Sales,2021-12-25,True
336b00cb-b1fe-4d13-b280-df1d9a6c0db9,Christopher Sanders,kelly79@example.org,32.0,Non-Binary,52815.84,Sales,2019-08-17,True
d0b1e3eb-409e-4a80-86c5-d1d69ea9f508,Robert Miller,pstevens@example.net,65.0,Male,82076.58,Engineering,2018-08-17,True
3e3869e2-0df6-4417-bd55-38c71cc464ed,Tammy Melton,alexander14@example.com,66.0,Male,111641.03,Finance,2021-01-29,True
a5b5cdc2-a181-485e-8a0a-c6ac0d67d38e,Gary Grant,umitchell@example.net,59.0,Male,123747.97,Engineering,2026-01-04,True
53ffd3a2-4a19-4501-8169-b9fcc3a00c6f,Jonathan Jordan,omarpadilla@example.net,51.0,Male,143129.0,Sales,2021-12-15,False
5827bc1d-93e0-4235-8e80-d10bfd0ee0b6,Jennifer Taylor,adkinssean@example.net,73.0,Non-Binary,68317.97,Sales,2025-11-10,False
1bf645f6-2324-4211-8588-fc1bb2384849,Laurie Sanchez,danawilliams@example.com,19.0,Male,57470.93,Finance,2019-09-02,True
a9f25336-83f4-49a9-88a6-39d015b52908,Frances Cardenas,emilywalker@example.org,55.0,Non-Binary,57613.77,Marketing,2017-11-03,True
b4adaf89-0ff1-4a9f-ba37-0623bc5fd4dd,Daniel Nguyen,ufox@example.org,70.0,Male,38569.18,Marketing,2020-12-18,False
a8addf36-ddf2-45eb-a8a3-f341c8819065,Judith Maynard,lutzmelanie@example.com,27.0,Non-Binary,112514.69,Engineering,2023-03-25,False
d9178793-a9d3-42e6-905c-c6869f871ce7,Steven Hunter,snguyen@example.com,77.0,Non-Binary,120631.82,Marketing,2021-11-29,False
1a16342c-3e2b-4091-a092-f52ad4a057a7,Elizabeth Sutton,hoganashlee@example.org,27.0,Male,65604.94,Engineering,2019-11-03,True
c65de86e-f00f-43ef-a59f-c1c2004ea81a,Jessica Fisher,wolferoy@example.com,67.0,Non-Binary,79990.41,Engineering,2024-04-06,False
c083b73a-473b-4358-a10e-6a64e1301617,Jennifer Conley,ismith@example.org,80.0,Male,141164.04,Marketing,2026-05-14,True
384f6e3b-8680-4a8a-915f-352cb52a9e6b,Kelly Hartman,robertherrera@example.org,46.0,Male,117217.73,Sales,2019-11-11,False
8198d1f5-6839-498f-accf-147242d7f112,Benjamin Phillips,prattsue@example.net,50.0,Female,146002.4,Marketing,2024-07-01,False
5f13e10b-ff7a-484d-bf96-dd35cca99089,Rick Rivera,brianrowe@example.org,70.0,Female,144553.06,Marketing,2021-10-19,False
85c7504b-c693-4a11-b9c6-a1ca9e50aa42,Terry Evans,ntorres@example.org,36.0,Male,82582.15,Finance,2022-06-18,False
08453b2f-8a8a-4105-80eb-887534396729,Jesse Jensen,juliahoffman@example.org,75.0,Female,70684.4,Marketing,2021-06-23,False
2387eaf6-d4c3-4832-b231-c60b78f2ce6b,Julie Gilbert,smithjason@example.org,72.0,Female,128679.71,Engineering,2021-11-08,False
20dda0ff-d0b3-4752-bb01-b2a52c745800,Matthew Obrien,william66@example.net,69.0,Male,37572.06,Hr,2025-07-11,True
d5ee2587-6c98-4d9b-af76-b6c2dd6d6b41,Joshua Park,elucas@example.net,42.0,Non-Binary,33886.24,Marketing,2023-03-25,False
152aeaec-2bdf-4b41-b3ed-a8f1026b5383,Mr. Richard Knight PhD,jacobsonsamantha@example.org,38.0,Male,65204.13,Sales,2018-06-25,False
ba2ac3d9-bcf2-4c3b-9958-74c260538c1b,Daniel Bird,dvasquez@example.org,25.0,Female,98892.0,Hr,2023-06-26,True
97fb613a-21f8-4d06-93f3-cade7a10013f,Michael Smith,lisa62@example.com,51.0,Male,119479.83,Hr,2017-01-27,False
ff37d19c-2e76-428b-8735-44f9ea83bf00,Madison Vasquez,harrisonricky@example.com,20.0,Male,70026.78,Marketing,2023-01-25,False
585409d9-de22-4c3f-9136-6db15a578607,Mr. Larry Shaw,scotthall@example.net,51.0,Male,87933.42,Marketing,2022-10-20,False
6bcd5ce7-46a5-4fe8-af46-f1b12ace1aa9,Richard Ward,jennifersimpson@example.net,18.0,Non-Binary,133808.09,Engineering,2018-04-28,False
f1738856-e25d-46eb-9e9a-9f83066803ee,Suzanne Walker,reidsteven@example.net,57.0,Non-Binary,66113.98,Finance,2019-05-22,True
5ab33edf-6e59-4ed3-a8b3-17fa18d0752b,John Daniel,brownjessica@example.org,70.0,Male,126605.5,Hr,2018-11-08,False
c550eca8-ae62-490c-99bd-4f9378ef7666,Vincent Spence,richarddonovan@example.com,66.0,Non-Binary,128570.55,Finance,2021-02-21,True
72fcc072-544c-4132-9af9-7493e8e46b31,Christine Taylor,michelleparker@example.net,43.0,Female,127974.39,Marketing,2025-05-09,True
ad3f5dd4-0496-46ba-b0c9-a2be87f1d48c,Nicholas Perez,larry16@example.net,79.0,Male,128026.95,Finance,2022-04-03,True
cec68cfe-a3fd-47f0-aae6-3af6de46222e,Jennifer Salazar,esweeney@example.org,34.0,Non-Binary,123948.48,Finance,2017-12-26,True
65daced0-460a-4125-bf8c-93d4c32afc4a,Tracy Chavez,devonmorrison@example.net,36.0,Male,35256.75,Marketing,2021-06-28,True
eecf67d2-7491-46f4-a090-d6978b1e3b9d,Colin Terry,xhall@example.com,19.0,Male,118387.74,Sales,2016-10-20,False
c2171429-8e20-4724-bd13-7018680bac63,John Joseph,fmcguire@example.com,55.0,Non-Binary,34769.0,Engineering,2018-08-01,False
a0ea0251-4957-43a2-81b1-3b8065e1b0f5,Pamela Henderson,imiller@example.net,24.0,Non-Binary,43729.69,Finance,2022-07-12,True
13281726-64f4-44d6-91e9-1691a3209116,Amy Bates,joelgreen@example.com,51.0,Female,114323.85,Sales,2025-08-17,False
c7774fae-6137-48c3-9c7f-aca62e671784,Allen Cohen,timothyfreeman@example.com,67.0,Female,58516.83,Engineering,2020-10-09,True
1c4760a5-5270-4b29-a412-47a268e8f311,Matthew Williams,gregoryjohnson@example.org,52.0,Non-Binary,116774.12,Engineering,2021-03-22,True
78c59073-0bc5-4207-be9a-ec8603254fbd,Thomas White,tranrobin@example.net,53.0,Male,100375.81,Finance,2022-12-04,False
32ebd689-9be5-48c7-81f6-31d4a39231a7,Phillip Ryan,georgetracy@example.org,67.0,Female,148226.58,Marketing,2025-08-28,True
fb756923-f910-4bb3-b105-32523990e2c9,Dylan Clark,wstewart@example.net,25.0,Female,112641.36,Hr,2025-09-14,False
dc57546d-8c3d-431a-b395-2193d7d3b9d9,Norman Spencer,jamesweber@example.com,38.0,Female,91846.03,Finance,2023-03-27,False
6546c66d-89b1-4ad1-84c9-b2763ee79d31,Mrs. Jasmine Hubbard,leescott@example.com,52.0,Female,128803.25,Marketing,2024-02-08,False
1bc044fc-09cb-4942-83f5-9a85fbc9f87a,Haley Hartman,gobrien@example.org,26.0,Non-Binary,87033.89,Finance,2020-03-21,True
9118c400-e336-4243-b139-c476de3ce88b,Anthony Jones,rachel90@example.org,27.0,Male,93739.96,Finance,2025-08-27,True
fd372539-65f2-42f9-83f0-2dc74f612217,Kara Johnson,justinatkins@example.org,49.0,Male,72579.0,Sales,2025-01-09,False
945ef2e4-088a-43ec-b0d9-c9f8c9e26074,Carlos Browning,julie23@example.org,41.0,Female,38396.86,Sales,2024-03-26,False
c5f8bc16-f786-4b50-91c5-8ef0dd463c09,Martin Ross,sheila14@example.org,23.0,Non-Binary,88318.86,Engineering,2022-03-04,True
43b38eb4-0390-4c5d-a502-d6a2ca6a2224,Jordan Chambers,brenda51@example.net,30.0,Female,109791.53,Hr,2018-09-15,True
6498abe9-2999-4bef-918b-2f219cf20859,Nancy Evans MD,terickson@example.com,62.0,Non-Binary,87933.42,Engineering,2024-07-10,True
1901ef87-0dbf-4caf-988a-3f87f96d40f8,Ryan Peterson,unovak@example.org,47.0,Female,110020.89,Hr,2022-09-16,False
039b058c-2faa-4e0b-b7f6-0cdf41dc1c60,Rachel Bradley,gregorychase@example.com,60.0,Female,127627.92,Finance,2024-08-20,True
95284c0a-cb6b-4562-a488-c84d99d090fd,Catherine Keller,gary57@example.net,28.0,Non-Binary,104937.5,Finance,2022-04-10,False
c552f3c5-5f13-4b98-a7ad-8d5198a15e4f,Christopher Davis,sarah00@example.com,33.0,Male,110380.08,Finance,2022-10-24,True
1861c9f3-9e44-498c-b359-390eb0309aaf,Nicholas Olson,jhernandez@example.net,22.0,Male,87933.42,Hr,2016-11-29,True
f56aabc0-50fb-45b0-8ec5-69695d4f7107,Aaron Sanchez,jenniferdavidson@example.com,72.0,Male,115417.09,Marketing,2024-10-07,False
e0c1ff1e-20da-4972-9832-1ee48471b4b0,Kristen Matthews,ryanbartlett@example.org,51.0,Male,87933.42,Finance,2024-09-06,False
243012da-b185-4eb8-9f90-fc872edc017e,Jennifer Taylor,fhenderson@example.net,26.0,Male,143551.38,Sales,2021-09-28,False
2f1dc121-7d02-4c6d-8bea-75c1b86677aa,Kimberly May,warrenmary@example.org,68.0,Female,70627.35,Hr,2025-10-26,True
089a9f4f-31da-4817-8937-b90f84a5b18b,Kayla Hale,emilyward@example.net,51.0,Male,127617.34,Finance,2016-05-15,False
8beef83f-96a0-4bf2-814e-bd105e244824,Christina Hardy,kellythompson@example.net,56.0,Male,95456.93,Sales,2017-02-10,True
e073c1d0-9929-4feb-8884-2a14157511ad,Deanna Smith,lanedavid@example.org,51.0,Non-Binary,78731.1,Hr,2020-02-12,True
964db03f-9340-4fad-9c4a-d56bd6016237,Yvonne Chambers,barbara27@example.net,34.0,Male,41075.82,Hr,2022-11-18,False
214f3f12-cfd0-4cbd-9f65-c8cebd21bc11,Laurie Hoffman,elizabeth65@example.net,51.0,Non-Binary,83509.63,Marketing,2025-10-11,False
e2afa629-5efb-436e-af54-60336334fa2a,Cody Williams,omarshall@example.com,48.0,Female,105766.21,Sales,2022-01-04,True
7a6a2107-2231-4050-b515-94943818cfd3,Paul Obrien,emiles@example.net,58.0,Female,87933.42,Marketing,2024-05-21,False
d5b211a9-9dec-4b83-b885-8f7e2f1a25a8,Brian Lambert,yorksarah@example.net,46.0,Male,137841.48,Hr,2020-12-24,True
b8976ec5-ea74-4b18-9e3b-496f6c4596f6,Dwayne Edwards,lanejason@example.net,46.0,Female,120213.21,Sales,2021-03-10,False
1b7e0502-ca9d-4831-894e-7397b38a3db1,David Holden,linda73@example.org,58.0,Male,36298.93,Hr,2023-04-05,False
09fe4cdd-998d-45ba-9d60-22c5e6cfcbd8,Kim Goodwin,olsondavid@example.net,20.0,Non-Binary,122522.68,Sales,2021-10-05,True
92698698-61a1-4729-bcb9-83501b4da0fe,Edward Lyons,spencedominique@example.com,40.0,Non-Binary,124371.38,Hr,2016-06-12,True
0d41ee47-2a5f-4a18-a61f-0b96e75f745a,Eric Lyons,rubendavis@example.org,19.0,Male,61844.1,Marketing,2016-05-17,False
5bc440f1-4b1a-469b-8e5d-d462cbd00ef2,Charles Schmidt,georgemiller@example.com,51.0,Non-Binary,77961.41,Finance,2022-07-25,False
e3082ddc-c9c0-4b7d-aba4-170b4e9d23e9,David Carter,ruizmichelle@example.net,64.0,Female,35243.09,Sales,2022-03-03,True
7b96e2d1-0649-4cf6-bf69-723d584fc85b,Jason Nixon,guerrajessica@example.com,27.0,Male,133216.87,Hr,2019-06-27,False
c4134dc2-c5c5-4e8a-be15-ad1290ce77e9,Jorge Armstrong III,amber07@example.net,71.0,Female,103878.27,Sales,2018-07-21,True
6edaba8c-6789-47d0-a155-eb2c737cf8b5,James Wilson,maychristine@example.net,51.0,Female,77764.09,Sales,2022-03-23,True
12916e60-f5e7-4daf-9d69-6bc8dc54d59b,Tom Foster,rogersmarcus@example.org,54.0,Female,115139.88,Hr,2023-09-10,False
ad81f8bd-4029-43ec-9ef2-b93e30ac7d7b,Patricia Becker,courtneyberger@example.net,51.0,Non-Binary,141069.02,Finance,2016-10-05,True
b8db0672-f42d-47cc-80d4-af5974273ca3,Deborah Mason,williamrodriguez@example.net,54.0,Male,114548.62,Engineering,2019-05-09,True
67b6e467-9432-4797-94f6-c67ad0095507,Christy Johnson,amy87@example.net,47.0,Non-Binary,45572.55,Engineering,2024-02-13,True
3b41c943-ebd8-43b1-8b3d-0c3617d09810,Kelly Haynes,stephen19@example.org,56.0,Non-Binary,87933.42,Sales,2021-06-03,True
e4855aa1-016b-4287-b008-05cca7f36ae9,Patricia Rodriguez,zrobinson@example.net,75.0,Male,133156.25,Engineering,2021-07-19,True
79a28903-fbe3-4b24-beae-00320bd4a990,Patricia Gibson,jennifercruz@example.com,22.0,Non-Binary,105732.35,Marketing,2018-10-22,True
2c56e0cd-a5ba-4472-a1df-5609e959137f,Alejandra King,jennifer46@example.com,59.0,Female,87933.42,Finance,2024-11-18,True
8baaf744-a08d-421b-a395-4cb17f7f6c0a,Tyler Webb,eevans@example.net,78.0,Female,43690.46,Engineering,2016-12-18,False
98c7472a-864e-4a13-829c-fc0cfa02eaec,Brian Lee,michaelturner@example.net,43.0,Male,110602.83,Sales,2021-09-16,False
44c1f1b5-ebbb-4763-b9a7-e63bbee975da,Alicia Roth,larry71@example.org,41.0,Female,140152.41,Hr,2017-09-16,False
e5871d89-1631-4fc6-b79d-58f9dc268108,Paul Lawrence,bbell@example.com,47.0,Non-Binary,145683.14,Engineering,2024-04-11,False
0b9bd934-23c8-4d30-9dde-7969688613db,Elizabeth Vasquez,youngamanda@example.com,37.0,Female,55221.92,Finance,2020-11-26,False
2ecaf629-44e2-4691-92de-d495e4f1e8e8,Melanie Browning,pmclaughlin@example.net,20.0,Female,36138.92,Finance,2018-10-15,True
3a4045dd-93df-4907-9416-e4dcc6b28def,Lauren Jackson,rhernandez@example.org,61.0,Male,140869.33,Finance,2016-09-06,True
a2c723d4-bfb8-4bb9-a18c-549274e0079a,Jessica Bowman,regina78@example.org,53.0,Female,149774.74,Hr,2024-05-31,False
668b28da-8222-4d7f-b6e6-ba8519abdc15,Rebecca Mendez,martintamara@example.org,26.0,Female,91797.62,Engineering,2024-05-30,False
bfddc3d9-9ee3-4c2a-b94d-62046808593f,Timothy Hancock,nicolejohnson@example.net,27.0,Female,121501.3,Finance,2025-08-12,True
8693fd9d-7a89-4beb-b807-d78ab788f5d1,Jason Andrews,teresaday@example.com,41.0,Male,66272.11,Finance,2021-01-09,True
1c0f0bdc-ac7e-437c-94cc-1e2a5e4cb287,Lauren Robles,carlsonjoseph@example.net,36.0,Non-Binary,63926.2,Hr,2024-03-12,True
d391d017-dbd4-486d-87d6-723cd77fbeeb,Joshua Baker,lunapatricia@example.net,51.0,Female,33154.08,Finance,2022-09-07,False
cca1b45c-1fdd-480a-85f1-861954f90429,Steve Paul,lmorgan@example.com,35.0,Non-Binary,114142.05,Sales,2023-04-16,True
4605ec0e-73b9-42ac-8134-e76b0ed9fa95,Raymond Johnston,tracygallagher@example.org,41.0,Non-Binary,143655.62,Hr,2017-08-29,False
0e50f355-c7b6-41cd-9417-182a61ad018a,Felicia Hobbs,hbutler@example.org,46.0,Female,144484.18,Sales,2023-11-05,True
cf7dcb43-1679-442f-bf4c-96d671f2ce8f,Sarah Flores,jenna88@example.com,65.0,Non-Binary,144105.31,Marketing,2025-04-13,True
e338e579-7521-4a18-9de4-f5c1532c5c01,Jared Williams,zcortez@example.net,51.0,Male,117342.98,Marketing,2025-10-04,True
423701f1-bdac-4c5e-a0c0-f2757885187d,Kristin Gaines,destiny35@example.org,56.0,Female,48510.33,Marketing,2023-10-23,True
fec21bbe-6624-4bfa-8fcc-a39ab683d2e6,Jacqueline Lam,omartinez@example.org,56.0,Non-Binary,50536.64,Marketing,2019-10-01,True
5fb8944d-de00-48aa-8439-6fc0c26e2706,Kaylee Moore,jenna62@example.net,22.0,Female,41340.71,Hr,2025-02-28,False
0dc78104-8c66-4766-b922-b440e0f1e44c,James Hubbard,garciachristine@example.org,30.0,Male,82924.63,Hr,2022-12-01,True
